"","density.quantile","mean.effect","median.effect","std.effect","max.positive.effect","max.negative.effect","count.positive","count.negative","count.total","proportion.positive","proportion.negative","proportion.neutre","country","effect","species","interaction","density.quantile.number"
"1","high",-0.0104754450671553,-0.0093248452826975,0.00236804135309635,-0.00108942538498691,-0.0264634669135886,0,12,12,0,100,0,"aus","both","All","intra",4
"2","intercept",0.00366807730751603,0.00169429689612444,0.00162359600521498,0.0192573062844317,-0.00190946211354659,8,4,12,66.667,33.333,0,"aus","both","All","intra",1
"3","low",0.000838241192955817,0.000684823473213636,0.00120143726310572,0.0101999962499986,-0.00573759086871595,4,8,12,33.333,66.667,0,"aus","both","All","intra",2
"4","medium",-0.00394247593265915,-0.00260939067851451,0.00157338284203661,0.00244490436081146,-0.0169465258884925,1,11,12,8.333,91.667,0,"aus","both","All","intra",3
"5","high",-0.0229888439692825,-0.0182316208066393,0.00524283366999523,0.170955227946311,-0.205807797764541,43,84,127,33.858,66.142,0,"aus","both","All","inter",8
"6","intercept",0.0164122793461223,0.018545845721355,0.00554220226344656,0.22351436224547,-0.14223528254966,77,50,127,60.63,39.37,0,"aus","both","All","inter",5
"7","low",0.007367841164896,0.00559685451483682,0.00534056826172681,0.215141138337586,-0.151790541849642,69,58,127,54.331,45.669,0,"aus","both","All","inter",6
"8","medium",-0.00411384234801019,-0.00420972121040242,0.00517802144861274,0.215141138337586,-0.178400261414475,57,70,127,44.882,55.118,0,"aus","both","All","inter",7
