"","density.quantile","mean.effect","median.effect","std.effect","max.positive.effect","max.negative.effect","count.positive","count.negative","count.total","proportion.positive","proportion.negative","proportion.neutre","country","effect","species","interaction","density.quantile.number"
"1","high",-0.012269782953437,-0.00586905726007092,0.00418460249314166,6.75537766992029e-05,-0.047858222733958,0,12,12,0,100,0,"spain","both","All","intra",4
"2","intercept",0.00920176232782146,0.00194483290155989,0.00441336912862996,0.0522666276317176,-4.13683497146877e-06,9,3,12,75,25,0,"spain","both","All","intra",1
"3","low",0.00403032100475944,-7.20045560734239e-05,0.00343576650745977,0.0397331145409092,-0.00362653805369761,2,10,12,16.667,83.333,0,"spain","both","All","intra",2
"4","medium",-8.06854650344802e-05,-0.00127799106471299,0.0039957503144083,0.0397331145409092,-0.0167822669807355,2,10,12,16.667,83.333,0,"spain","both","All","intra",3
"5","high",-0.0129797972592235,-0.00195961675067213,0.00819216138870292,0.382643397515874,-0.324964877077351,64,68,132,48.485,51.515,0,"spain","both","All","inter",8
"6","intercept",0.0206892884806362,0.0242276510020776,0.00867681916495435,0.439373711221371,-0.239013021359153,84,48,132,63.636,36.364,0,"spain","both","All","inter",5
"7","low",0.0123112722862731,0.0190482505268769,0.00857744607192073,0.422015851003602,-0.244287037081626,77,55,132,58.333,41.667,0,"spain","both","All","inter",6
"8","medium",0.00622542206841996,0.0123455538476039,0.00842911397833768,0.40286764433297,-0.274645797523697,76,56,132,57.576,42.424,0,"spain","both","All","inter",7
